<?xml version="1.0" encoding="utf-8" ?>
<dwsync>
<file name="ionic.scss" server="fortalezaparaelalma.org" local="131120597096032860" remote="131120631600000000" Dst="2" />
<file name="_action-sheet.scss" server="fortalezaparaelalma.org" local="131120597096152867" remote="131120632200000000" Dst="2" />
<file name="_animations.scss" server="fortalezaparaelalma.org" local="131120597096182869" remote="131120632200000000" Dst="2" />
<file name="_backdrop.scss" server="fortalezaparaelalma.org" local="131120597096202870" remote="131120632200000000" Dst="2" />
<file name="_badge.scss" server="fortalezaparaelalma.org" local="131120597096222871" remote="131120632200000000" Dst="2" />
<file name="_bar.scss" server="fortalezaparaelalma.org" local="131120597096242872" remote="131120632200000000" Dst="2" />
<file name="_button-bar.scss" server="fortalezaparaelalma.org" local="131120597096262873" remote="131120632200000000" Dst="2" />
<file name="_button.scss" server="fortalezaparaelalma.org" local="131120597096282875" remote="131120632200000000" Dst="2" />
<file name="_checkbox.scss" server="fortalezaparaelalma.org" local="131120597096302876" remote="131120632200000000" Dst="2" />
<file name="_form.scss" server="fortalezaparaelalma.org" local="131120597096322877" remote="131120632200000000" Dst="2" />
<file name="_grid.scss" server="fortalezaparaelalma.org" local="131120597096352879" remote="131120632200000000" Dst="2" />
<file name="_items.scss" server="fortalezaparaelalma.org" local="131120597096372880" remote="131120632200000000" Dst="2" />
<file name="_list.scss" server="fortalezaparaelalma.org" local="131120597096392881" remote="131120632200000000" Dst="2" />
<file name="_loading.scss" server="fortalezaparaelalma.org" local="131120597096412882" remote="131120632200000000" Dst="2" />
<file name="_menu.scss" server="fortalezaparaelalma.org" local="131120597096432883" remote="131120632200000000" Dst="2" />
<file name="_mixins.scss" server="fortalezaparaelalma.org" local="131120597096452884" remote="131120632200000000" Dst="2" />
<file name="_modal.scss" server="fortalezaparaelalma.org" local="131120597096482886" remote="131120632200000000" Dst="2" />
<file name="_platform.scss" server="fortalezaparaelalma.org" local="131120597096502887" remote="131120632200000000" Dst="2" />
<file name="_popover.scss" server="fortalezaparaelalma.org" local="131120597096522888" remote="131120632200000000" Dst="2" />
<file name="_popup.scss" server="fortalezaparaelalma.org" local="131120597096552890" remote="131120632200000000" Dst="2" />
<file name="_progress.scss" server="fortalezaparaelalma.org" local="131120597096572891" remote="131120632200000000" Dst="2" />
<file name="_radio.scss" server="fortalezaparaelalma.org" local="131120597096592892" remote="131120632200000000" Dst="2" />
<file name="_range.scss" server="fortalezaparaelalma.org" local="131120597096612893" remote="131120632200000000" Dst="2" />
<file name="_refresher.scss" server="fortalezaparaelalma.org" local="131120597096632895" remote="131120632200000000" Dst="2" />
<file name="_reset.scss" server="fortalezaparaelalma.org" local="131120597096652896" remote="131120632200000000" Dst="2" />
<file name="_scaffolding.scss" server="fortalezaparaelalma.org" local="131120597096672897" remote="131120632200000000" Dst="2" />
<file name="_select.scss" server="fortalezaparaelalma.org" local="131120597096692898" remote="131120632200000000" Dst="2" />
<file name="_slide-box.scss" server="fortalezaparaelalma.org" local="131120597096722900" remote="131120632200000000" Dst="2" />
<file name="_slides.scss" server="fortalezaparaelalma.org" local="131120597096742901" remote="131120632200000000" Dst="2" />
<file name="_spinner.scss" server="fortalezaparaelalma.org" local="131120597096772903" remote="131120632200000000" Dst="2" />
<file name="_tabs.scss" server="fortalezaparaelalma.org" local="131120597096792904" remote="131120632200000000" Dst="2" />
<file name="_toggle.scss" server="fortalezaparaelalma.org" local="131120597096812905" remote="131120632200000000" Dst="2" />
<file name="_transitions.scss" server="fortalezaparaelalma.org" local="131120597096832906" remote="131120632200000000" Dst="2" />
<file name="_type.scss" server="fortalezaparaelalma.org" local="131120597096852907" remote="131120632200000000" Dst="2" />
<file name="_util.scss" server="fortalezaparaelalma.org" local="131120597096872908" remote="131120632200000000" Dst="2" />
<file name="_variables.scss" server="fortalezaparaelalma.org" local="131120597096902910" remote="131120632200000000" Dst="2" />
</dwsync>