<?xml version="1.0" encoding="utf-8" ?>
<dwsync>
<file name="angular-animate.min.js" server="fortalezaparaelalma.org" local="131120597094042746" remote="131120631600000000" Dst="2" />
<file name="angular-resource.js" server="fortalezaparaelalma.org" local="131120597094092749" remote="131120631600000000" Dst="2" />
<file name="angular-resource.min.js" server="fortalezaparaelalma.org" local="131120597094132752" remote="131120631600000000" Dst="2" />
<file name="angular-animate.js" server="fortalezaparaelalma.org" local="131120597094002744" remote="131120631600000000" Dst="2" />
<file name="angular-sanitize.js" server="fortalezaparaelalma.org" local="131120597094182754" remote="131120631600000000" Dst="2" />
<file name="angular-sanitize.min.js" server="fortalezaparaelalma.org" local="131120597094212756" remote="131120631600000000" Dst="2" />
<file name="angular.min.js" server="fortalezaparaelalma.org" local="131120597094712785" remote="131120631600000000" Dst="2" />
<file name="angular.js" server="fortalezaparaelalma.org" local="131120597094562776" remote="131120631600000000" Dst="2" />
</dwsync>